{
    "ComponentName": "DriverLineCellComponent",
    "BlockType": "dock",
    "PaddingLeft": 12,
    "PaddingRight": 4,
    "Background": "{#001730}",
    "ColorizeBackground": {
        "Enabled": true,
        "Color": "#001730",
        "BlendPercentage": 50    },
    "Triggers": [
        {
            "Condition": "{ItemIndex, Converter=NumberEquals, Parameter=0}",
            "Property": "ColorizeBackground.Enabled",
            "Value": true
        }
    ],
    "Items": [
        //left part
        {
            "BlockType": "stack",
            "HorizontalAlignment": "Left",
            "VerticalAlignment": "Center",
            "Items": [
                //flag
                {
                    "BlockType": "image",
                    "Height": 48,
                    "MarginRight": 12,
                    "VerticalAlignment": "Center",
                    "ImageOptions": {
                        "Path": "{Item.Driver.Nationality.LogotypePath}",
                        "VerticalAlignment": "Center"
                    }
                },

                //name
                {
                    "BlockType": "text",
                    "MaxWidth": 600,
                    "MarginLeft": 8,
                    "Source": "{Item.Driver.Name}",
                    "HorizontalAlignment": "Left",
                    "VerticalAlignment": "Center",
                    "FontName": "{FontNameDrivers}",
                    "FontSize": 42,
                    "Foreground": "#FFFFFF"
                },

                //icon badges
                {
                    "BlockType": "itemstack",
                    "Spacing": 4,
                    "MarginLeft": 6,
                    "MarginTop": 4,
                    "ItemStackOptions": {
                        "ItemSource": "{Item.Driver.BadgeImages}",
                        "ItemTemplate": {
                            "BlockType": "image",
                            "Height": 24,
                            "Source": "{Item}"
                        }
                    }
                },

                //text badge
                {
                    "BlockType": "text",
                    "MaxWidth": 400,
                    "MarginLeft": 8,
                    "MarginTop": 8,
                    "Source": "{Item.Driver.BadgeText}",
                    "HorizontalAlignment": "Left",
                    "VerticalAlignment": "Top",
                    "Foreground": "FFFFFF",
                    "FontName": "{FontNameDefault}",
                    "FontSize": 16
                }
            ]
        },

        //right part
        {
            "BlockType": "stack",
            "Height": "*",
            "MarginLeft": 82,
            "HorizontalAlignment": "Right",
            "VerticalAlignment": "Center",
            "Items": [
                //teams block
                {
                    "BlockType": "stack",
                    "VerticalAlignment": "Center",
                    "Spacing": 8,
                    "RenderIf": "{Season.LineupsBasedType, Converter=StringEquals, Parameter=Teams}",
                    "Items": [
                        
                        //name
                        {
                            "BlockType": "text",
                            "Source": "{Item.Team.Name}",
                            "Foreground": "{ForegroundDarker}",
                            "HorizontalAlignment": "Left",
                            "VerticalAlignment": "Center",
                            "FontName": "{FontNameTeams}",
                            "FontSize": 30,
                            "TextOptions": {
                                "VerticalAlignment": "Center"
                            }
                        },

                        //logo
                        {
                            "BlockType": "image",
                            "Height": 50,
                            "MarginRight": 0,
                            "VerticalAlignment": "Center",
                            "ImageOptions": {
                                "Path": "{Item.Team.LogotypePath}",
                                "VerticalAlignment": "Center"
                            }
                        }
                    ]
                },

                //cars block
                {
                    "BlockType": "stack",
                    "VerticalAlignment": "Center",
                    "Spacing": 8,
                    "RenderIf": "{Season.LineupsBasedType, Converter=StringEquals, Parameter=Cars}",
                    "Items": [
                        //name
                        {
                            "BlockType": "text",
                            "Source": "{Item.Car.Name}",
                            "MarginRight": 8,
                            "HorizontalAlignment": "Left",
                            "VerticalAlignment": "Center",
                            "FontName": "{FontNameDefault}",
                            "FontSize": 22,
                            "TextOptions": {
                                "VerticalAlignment": "Center"
                            }
                        },

                        //logo
                        {
                            "BlockType": "image",
                            "Height": 40,
                            "MarginRight": 0,
                            "VerticalAlignment": "Center",
                            "ImageOptions": {
                                "Path": "{Item.Car.Vendor.LogotypePath}",
                                "VerticalAlignment": "Center"
                            }
                        }
                    ]
                }
            ]
        }
    ]
}
