{
    "ComponentName": "HeaderBlockSessionComponent",
    "BlockType": "dock",
    "Orientation": "Horizontal",
    "Items": [
        //headerLeft
        {
            "Name": "headerLeftPart",
            "BlockType": "stack",
            "Orientation": "Horizontal",
            "Spacing": 12,
            "VerticalAlignment": "Top",
            "HorizontalAlignment": "Left",
            "Items": [
                //league name
                {
                    "BlockType": "stack",
                    "VerticalAlignment": "Top",
                    "Orientation": "Vertical",
                    "Items": [
                        
                        {
                            "BlockType": "text",
                            "Name": "txtLeagueName",
                            "Source": "Playing Ducks Energy Leagues",
                            "FontName": "{FontNameBlack}",
                            "FontSize": 40,
                            "Foreground": "#FFFFFF",
                            "MarginBottom": 5
                        },
                        {
                            "BlockType": "text",
                            "Source": "{Season.Name}",
                            "VerticalAlignment": "Center",
                            "FontName": "{FontNameBlack}",
                            "FontSize": 64,
                            "Foreground": "#FE6600"
                        }
                    ]
                },

                //session
                {
                    "Name": "headerSessionLine",
                    "BlockType": "stack",
                    "HorizontalAlignment": "Center",
                    "Spacing": 0,
                    "Items": [
                        

                        
                        
                    ]
                }
            ]
        },

        //headerRight
        {
            "Name": "headerRightPart",
            "BlockType": "stack",
            "MarginLeft": 56,
            "Orientation": "Vertical",
            "HorizontalAlignment": "Right",
            "Items": [
                {
                    "BlockType": "stack",
                    "Items": [
                        {
                            "BlockType": "stack",
                            "Orientation": "Vertical",
                            "Spacing": 8,
                            "Items": [
                                {
                                    "BlockType": "stack",
                                    "HorizontalAlignment": "Right",
                                    "VerticalAlignment": "Bottom",
                                    "Items": [
                                        {
                                            "BlockType": "text",
                                            "Source": "[{Session.SessionType}]",
                                            "FontName": "{FontNameWide}",
                                            "FontSize": 40
                                        },
                                        //race duration
                                        {
                                            "BlockType": "text",
                                            "RenderIf": false,
                                            "Source": " // {Session.TotalLaps} [laps]",
                                            "FontName": "{FontNameWide}",
                                            "FontSize": 40,
                                            "Triggers": [
                                                {
                                                    "Condition": "{Session.IsLiveData}",
                                                    "ConditionAnd": "{Session.SessionType, Converter=StringEquals, Parameter=Race}",
                                                    "Property": "RenderIf",
                                                    "Value": true
                                                }
                                            ]
                                        },
                                        //qual, practice duration
                                        {
                                            "BlockType": "text",
                                            "RenderIf": false,
                                            "Source": " // {Session.SessionDurationMinutes} [min].",
                                            "FontName": "{FontNameWide}",
                                            "FontSize": 40,
                                            "Triggers": [
                                                {
                                                    "Condition": "{Session.IsLiveData}",
                                                    "ConditionAnd": "{Session.SessionType, Converter=StringNotEquals, Parameter=Race}",
                                                    "Property": "RenderIf",
                                                    "Value": true
                                                }
                                            ]
                                        }
                                    ]
                                },

                                
                            ]
                        },

                        {
                            "Name": "leagueLogo",
                            "BlockType": "image",
                            "Height": 100,
                            "MarginLeft": 50,
                            "Source": "{Season.LeagueInfo.LeagueLogo}"
                        }
                    ]
                }
            ]
        }
    ]
}
