{
    "ComponentName": "StatisticsCellComponent",
    "BlockType": "stack",
    "VerticalAlignment": "Center",
    "Background": "{BackgroundDefault}",
    "Spacing": 0,

    "Items": [
        //time
        {
            "BlockType": "text",
            "RenderIf": false,
            "Width": "*",
            "Height": "*",
            "Padding": "12, 0",
            "Source": "<{data.Value}>",
            "HorizontalAlignment": "Left",
            "VerticalAlignment": "Center",
            "TextOptions": {
                "FontName": "{FontNameDefault}",
                "FontSize": 26,
                "HorizontalAlignment": "Center"
            },
            "Triggers": [
                {
                    "Condition": "<{data.Type, Converter=EnumEquals, Parameter=Time}>",
                    "Setters": [
                        {
                            "Property": "RenderIf",
                            "Value": true
                        }
                    ]
                },
                {
                    "Condition": "<{data.IsHighlighted}>",
                    "Setters": [
                        {
                            "Property": "Foreground",
                            "Value": "{FastestLapQualSelectedForeground}"
                        }
                    ]
                },
                {
                    "Condition": "<{data.IsBig}>",
                    "Setters": [
                        {
                            "Property": "FontSize",
                            "Value": "30"
                        }
                    ]
                },
                {
                    "Condition": "<{data.IsSmall}>",
                    "Setters": [
                        {
                            "Property": "FontSize",
                            "Value": "22"
                        }
                    ]
                }
            ]
        },

        //string
        {
            "BlockType": "text",
            "RenderIf": false,
            "Width": "*",
            "Height": "*",
            "Padding": "12, 0",
            "Source": "<{data.Value}>",
            "HorizontalAlignment": "Left",
            "VerticalAlignment": "Center",
            "TextOptions": {
                "FontName": "{FontNameDefault}",
                "FontSize": 26,
                "HorizontalAlignment": "Center"
            },
            "Triggers": [
                {
                    "Condition": "<{data.Type, Converter=EnumEquals, Parameter=String}>",
                    "Setters": [
                        {
                            "Property": "RenderIf",
                            "Value": true
                        }
                    ]
                },
                {
                    "Condition": "<{data.IsHighlighted}>",
                    "Setters": [
                        {
                            "Property": "Foreground",
                            "Value": "{FastestLapQualSelectedForeground}"
                        }
                    ]
                },
                {
                    "Condition": "<{data.IsBig}>",
                    "Setters": [
                        {
                            "Property": "FontSize",
                            "Value": "30"
                        }
                    ]
                },
                {
                    "Condition": "<{data.IsSmall}>",
                    "Setters": [
                        {
                            "Property": "FontSize",
                            "Value": "22"
                        }
                    ]
                }
            ]
        },

        //gap
        {
            "BlockType": "text",
            "RenderIf": false,
            "Width": "*",
            "Height": "*",
            "Padding": "12, 0",
            "Source": "<{data.Value}>",
            "HorizontalAlignment": "Left",
            "VerticalAlignment": "Center",
            "TextOptions": {
                "FontName": "{FontNameDefault}",
                "FontSize": 26,
                "HorizontalAlignment": "Center"
            },
            "Triggers": [
                {
                    "Condition": "<{data.Type, Converter=EnumEquals, Parameter=Gap}>",
                    "Setters": [
                        {
                            "Property": "RenderIf",
                            "Value": true
                        }
                    ]
                },

                {
                    "Condition": "<{data.IsHighlighted}>",
                    "Setters": [
                        {
                            "Property": "Foreground",
                            "Value": "{FastestLapQualSelectedForeground}"
                        }
                    ]
                },
                {
                    "Condition": "<{data.IsBig}>",
                    "Setters": [
                        {
                            "Property": "FontSize",
                            "Value": "30"
                        }
                    ]
                },
                {
                    "Condition": "<{data.IsSmall}>",
                    "Setters": [
                        {
                            "Property": "FontSize",
                            "Value": "22"
                        }
                    ]
                }
            ]
        },

        //number
        {
            "BlockType": "text",
            "RenderIf": false,
            "Width": "*",
            "Height": "*",
            "Padding": "12, 0",
            "Source": "<{data.Value}>",
            "HorizontalAlignment": "Left",
            "VerticalAlignment": "Center",
            "TextOptions": {
                "FontName": "{FontNameDefault}",
                "FontSize": 30,
                "HorizontalAlignment": "Center"
            },
            "Triggers": [
                {
                    "Condition": "<{data.Type, Converter=EnumEquals, Parameter=Number}>",
                    "Setters": [
                        {
                            "Property": "RenderIf",
                            "Value": true
                        }
                    ]
                },
                {
                    "Condition": "<{data.IsHighlighted}>",
                    "Setters": [
                        {
                            "Property": "Foreground",
                            "Value": "{FastestLapQualSelectedForeground}"
                        }
                    ]
                },
                {
                    "Condition": "<{data.IsBig}>",
                    "Setters": [
                        {
                            "Property": "FontSize",
                            "Value": "32"
                        }
                    ]
                },
                {
                    "Condition": "<{data.IsSmall}>",
                    "Setters": [
                        {
                            "Property": "FontSize",
                            "Value": "28"
                        }
                    ]
                }
            ]
        },

        //secondary number
        {
            "BlockType": "text",
            "RenderIf": false,
            "Width": "*",
            "Height": "*",
            "Padding": "12, 0",
            "Source": "<{data.Value}>",
            "Foreground": "#808080",
            "HorizontalAlignment": "Left",
            "VerticalAlignment": "Center",
            "TextOptions": {
                "FontName": "{FontNameDefault}",
                "FontSize": 30,
                "HorizontalAlignment": "Center"
            },
            "Triggers": [
                {
                    "Condition": "<{data.Type, Converter=EnumEquals, Parameter=SecondaryNumber}>",
                    "Setters": [
                        {
                            "Property": "RenderIf",
                            "Value": true
                        }
                    ]
                },

                {
                    "Condition": "<{data.IsHighlighted}>",
                    "Setters": [
                        {
                            "Property": "Foreground",
                            "Value": "{FastestLapQualSelectedForeground}"
                        }
                    ]
                },
                {
                    "Condition": "<{data.IsBig}>",
                    "Setters": [
                        {
                            "Property": "FontSize",
                            "Value": "32"
                        }
                    ]
                },
                {
                    "Condition": "<{data.IsSmall}>",
                    "Setters": [
                        {
                            "Property": "FontSize",
                            "Value": "28"
                        }
                    ]
                }
            ]
        },

        //rating
        {
            "BlockType": "text",
            "RenderIf": false,
            "Width": "*",
            "Height": "*",
            "Source": "<{data.Value}>",
            "Padding": "12, 0",
            "VerticalAlignment": "Center",
            "TextOptions": {
                "FontName": "{FontNameDefault}",
                "FontSize": 30,
                "HorizontalAlignment": "Center",
                "ColorizeRating": {
                    "IsEnabled": true,
                    "Level": "<{data.Level}>"
                }
            },
            "Triggers": [
                {
                    "Condition": "<{data.Type, Converter=EnumEquals, Parameter=Rating}>",
                    "Setters": [
                        {
                            "Property": "RenderIf",
                            "Value": true
                        }
                    ]
                },
                {
                    "Condition": "<{data.IsBig}>",
                    "Setters": [
                        {
                            "Property": "FontSize",
                            "Value": "32"
                        }
                    ]
                },
                {
                    "Condition": "<{data.IsSmall}>",
                    "Setters": [
                        {
                            "Property": "FontSize",
                            "Value": "28"
                        }
                    ]
                }
            ]
        },

        //stints
        {
            "BlockType": "itemstack",
            "Width": "*",
            "Height": "*",
            "Spacing": 4,
            "Padding": "12, 0",
            "ItemStackOptions": {
                "ItemSource": "<{data.Stints}>",
                "ItemTemplate": {
                    "BlockType": "stack",
                    "VerticalAlignment": "Center",
                    "MarginRight": 4,
                    "Spacing": 3,
                    "Items": [
                        {
                            "BlockType": "image",
                            "Height": 36,
                            "VerticalAlignment": "Center",
                            "Source": "tyres/tyres_{Item.Tyres}.png"
                        },
                        {
                            "BlockType": "text",
                            "Source": "{Item.Laps}",
                            "HorizontalAlignment": "Center",
                            "VerticalAlignment": "Center",
                            "TextOptions": {
                                "FontName": "{FontNameDefault}",
                                "FontSize": 18,
                                "HorizontalAlignment": "Center"
                            },
                            "Triggers": [
                                {
                                    "Condition": "{Item.IsPercentage}",
                                    "Setters": [
                                        {
                                            "Property": "Source",
                                            "Value": "{Item.Percentage, Converter=StringAdd, Parameter=%}"
                                        }
                                    ]
                                }
                            ]
                        }
                    ]
                }
            }
        },

        //tyres
        {
            "BlockType": "stack",
            "Padding": "0,0",
            "RenderIf": false,
            "Width": "*",
            "Height": "*",
            "Source": "<{data.Tyres, Converter=StringFormatReverse, Parameter=tyres_SUB.png}>",
            "VerticalAlignment": "Center",
            "HorizontalAlignment": "Center",
            "Triggers": [
                {
                    "Condition": "<{data.Type, Converter=EnumEquals, Parameter=Tyres}>",
                    "Setters": [
                        {
                            "Property": "RenderIf",
                            "Value": true
                        }
                    ]
                }
            ],
            "Items": [
                {
                    "BlockType": "image",
                    "Source": "<{data.Tyres, Converter=StringFormatReverse, Parameter=tyres_SUB.png}>",
                    "VerticalAlignment": "Center",
                    "HorizontalAlignment": "Center",
                    "Height": 38
                },
                {
                    "BlockType": "text",
                    "MarginLeft": 4,
                    "Source": "<{data.Value}>",
                    "HorizontalAlignment": "Center",
                    "VerticalAlignment": "Center",
                    "TextOptions": {
                        "FontName": "{FontNameDefault}",
                        "FontSize": 19,
                        "HorizontalAlignment": "Center"
                    }
                }
            ]
        },

        //driver short
        {
            "BlockType": "dock",
            "RenderIf": false,
            "Width": "*",
            "Height": "*",
            "Padding": "12, 0",
            "VerticalAlignment": "Center",
            "Triggers": [
                {
                    "Condition": "<{data.Type, Converter=EnumEquals, Parameter=DriverCompact}>",
                    "Setters": [
                        {
                            "Property": "RenderIf",
                            "Value": true
                        }
                    ]
                }
            ],
            "Items": [
                //left part
                {
                    "BlockType": "stack",
                    "HorizontalAlignment": "Left",
                    "VerticalAlignment": "Center",
                    "Items": [
                        // //flag
                        // {
                        //     "BlockType": "image",
                        //     "Height": 48,
                        //     "MarginRight": 12,
                        //     "VerticalAlignment": "Center",
                        //     "ImageOptions": {
                        //         "Path": "<{data.RawValue.LogotypePath}>",
                        //         "VerticalAlignment": "Center"
                        //     }
                        // },
                        //name
                        {
                            "BlockType": "text",
                            "MaxWidth": 400,
                            "MarginLeft": 8,
                            "Source": "<{data.RawValue.Name}>",
                            "HorizontalAlignment": "Left",
                            "VerticalAlignment": "Center",
                            "FontName": "{FontNameDefault}",
                            "FontSize": 40
                        }
                    ]
                },

                //right part
                {
                    "BlockType": "stack",
                    "Height": "*",
                    "MarginLeft": 64,
                    "HorizontalAlignment": "Right",
                    "VerticalAlignment": "Center",
                    "Items": [
                        {
                            "BlockType": "stack",
                            "VerticalAlignment": "Center",
                            "Spacing": 8,
                            "Items": [
                                // //logo
                                // {
                                //     "BlockType": "image",
                                //     "Height": 40,
                                //     "MarginRight": 0,
                                //     "VerticalAlignment": "Center",
                                //     "ImageOptions": {
                                //         "Path": "<{data.RawValue.TeamCarLogotypePath}>",
                                //         "VerticalAlignment": "Center"
                                //     }
                                // }
                            ]
                        }
                    ]
                }
            ]
        }
    ]
}
