{
    "ComponentName": "StickerComponent",
    "BlockType": "stack",
    "VerticalAlignment": "Center",
    "Orientation": "Vertical",
    "Spacing": 0,

    "Items": [
        {
            "Name": "txt1",
            "BlockType": "text",
            "FontName": "{FontNameItalic}",
            "Source": "<header>",
            "Background": "#1AFFFFFF",
            "VerticalAlignment": "Bottom",
            "Foreground": "#{MainColor}",
            "Padding": "5,5,5,5",
            "FontSize": 24
        },
        {
            "BlockType": "stack",
            "Orientation": "Horizontal",
            "Padding": "5,5,5,5",
            "Background": "<bg>",
            "Items": [
                {
                    "Name": "txt1",
                    "BlockType": "text",
                    "Source": "<main>",
                    "VerticalAlignment": "Center",
                    "PaddingBottom": 5,
                    "Foreground": "#FFFFFF",
                    "FontSize": 36
                },
        
                {
                    "Name": "txt1",
                    "BlockType": "text",
                    "MarginLeft": 10,
                    "Source": "<data>",
                    "FontName":"{FontNameItalic}",
                    "VerticalAlignment": "Center",
                    "Foreground": "#FFFFFF",
                    "FontSize": 36
                }
            ]
        }
    ]
}
