{
    "ComponentName": "TeamLineCellComponent",
    "BlockType": "dock",
    "PaddingLeft": 12,
    "PaddingRight": 4,
    "Background": "{#001730}",
    "ColorizeBackground": {
        "Enabled": true,
        "Color": "#001730",
        "BlendPercentage": 50
    },
    "Triggers": [
        {
            "Condition": "{ItemIndex, Converter=NumberEquals, Parameter=0}",
            "Property": "ColorizeBackground.Enabled",
            "Value": true
        }
    ],
    "Items": [
        //left part
        {
            "BlockType": "stack",
            "HorizontalAlignment": "Left",
            "VerticalAlignment": "Center",
            "Items": [
                //logo
                {
                    "BlockType": "image",
                    "MarginLeft": 12,
                    "Height": 50,
                    "MarginRight": 20,
                    "VerticalAlignment": "Center",
                    "ImageOptions": {
                        "Path": "{Item.Team.LogotypePath}",
                        "VerticalAlignment": "Center"
                    }
                },

                //name
                {
                    "BlockType": "text",
                    "MaxWidth": 600,
                    "Source": "{Item.Team.Name}",
                    "HorizontalAlignment": "Left",
                    "VerticalAlignment": "Center",
                    "FontName": "{FontNameDrivers}",
                    "Foreground": "#FFFFFF",
                    "FontSize": 40
                }
            ]
        },

        //right part
        {
            "BlockType": "stack",
            "MarginRight": 16,
            "HorizontalAlignment": "Right",
            "VerticalAlignment": "Center",
            "Items": [
                //color
                {
                    "BlockType": "shape",
                    "VerticalAlignment": "Center",
                    "Width": 15,
                    "Height": 48,
                    "Opacity": 100,
                    "ShapeOptions": {
                        "Type": "Rectangle",
                        "Fill": "{Item.Team.Color}"
                    }
                }
            ]
        }
    ]
}
