{
    "FontNameDefault": "F125-Regular",
    "FontNameWide": "Unity-Sans-SemiBold",
    "FontNameBold": "F125-Bold",
    "FontNameBlack": "futuraef-bold",
    "FontNameItalic": "F125-Light",
    "FontNameDrivers": "Formula1-Bold",
    "FontNameTeams": "Formula1-Regular",
    "FontNamePoints": "Formula1-Black",
    "FontSizeDefault": 20,
    "ForegroundDefault": "#FFFFFF",
    "BackgroundDefault": "#001730",

    //margins
    "MarginRoot": "64, 40, 48, 40",
    "MarginTable": "0, 0",

    //colors
    "ForegroundDarker": "#FF969696",
    "TableColumnHeaderForeground": "#FFFFFF",
    "PenaltyTimeGameForeground": "#BB7373",
    "PenaltyTimeStewardsForeground": "#F03232",
    "FastestLapRaceSelectedForeground": "#DC46DC",
    "FastestLapRaceStickerBackground": "#fe6600",
    "DriverDayRaceStickerBackground": "#fe6600",
    "FastestLapQualSelectedForeground": "#CC25CC",
    "StandingsPointsBackground": "#001730",
    "StandingsPointsForeground": "#FFFFFF",
    "Standings1stCountForeground": "#D2B200",
    "Standings2ndCountForeground": "#AEB6BF",
    "Standings3rdCountForeground": "#BA957B",
    "StandingsFastestLapCountForeground": "#C46AC4",
    "StandingsPoleCountForeground": "#E046E0",
    "StandingsPenaltyPointCountForeground": "#BC0505",
    "SeasonProgressPositionDefaultForeground": "#999999",
    "SeasonProgressPositionNotClassifiedForeground": "#999999",
    "SeasonProgressPositionWorstEventForeground": "#585858",
    "SeasonProgressPositionTop10Foreground": "#CCCCCC",
    "SeasonProgressPositionTop1Foreground": "#FE6600",
    "SeasonProgressPositionTop1Background": "#001730",
    "SeasonProgressPointsFastestLapForeground": "#6A5ACD",

    
}